#,Song,Artist,BPM,Camelot,Energy,Added At,Duration,Popularity,Genres,Album,Album Date,Dance,Acoustic,Instrumental,Valence,Speech,Live,Loud (Db),Key,Time Signature,Spotify Track Id,ISRC,Explicit
1,"vampire","Olivia Rodrigo",137,7B,53,2026-07-16,03:39,87,"","GUTS",2023-09-08,48,15,0,32,0,20,-6,F Major,4,1kuGVB7EU95pJObxwvfwKS,USUG12304091,yes
2,"A&W","Lana Del Rey",157,6B,24,2026-07-16,07:13,68,"","Did you know that there's a tunnel under Ocean Blvd",2023-03-24,43,63,39,14,10,10,-15,A#/B♭ Major,4,5nW4z3pfZgJAJ2QTCz9AIE,GBUM72206757,yes
3,"Dancing Circles","Sampha",106,6A,33,2026-07-16,03:53,48,"indie soul","Lahai",2023-10-20,88,80,0,53,0,0,-12,G Minor,3,6lNyT8TfnpMTRrmJRQKQC9,UK7MC2200179,no
4,"Boy's a liar Pt. 2","PinkPantheress,Ice Spice",133,7B,81,2026-07-16,02:11,76,"bedroom pop, ","Heaven knows",2023-11-10,70,25,0,86,0,20,-8,F Major,4,5CCr8msaN3MhgqBoa9yWhH,GBAYE2300015,yes
5,"Moonlight","Kali Uchis",137,6A,71,2026-07-16,03:07,82,"","Red Moon In Venus",2023-03-03,64,52,0,86,0,20,-7,G Minor,4,0JmnkIqdlnUzPaf8sqBRs3,USUM72219486,no
6,"Flowers","Miley Cyrus",118,8B,69,2026-07-16,03:20,89,"","Endless Summer Vacation",2023-08-18,71,6,0,63,0,0,-5,C Major,4,7DSAEUvxU8FajXtRloy8M0,USSM12209777,no
7,"Be Who You Are (feat. JID, NewJeans & Camilo)","Jon Batiste,JID,NewJeans,Camilo",144,10B,90,2026-07-16,03:34,37,"k-pop, pop colombiano, pop urbano","World Music Radio",2023-08-18,64,2,0,72,10,20,-4,D Major,4,0E8VaGhwaOnUw7LAxYMMCo,USUG12305178,no
8,"Always","Daniel Caesar",136,10B,44,2026-07-16,03:45,85,"","NEVER ENOUGH",2023-04-07,58,67,0,20,0,10,-8,D Major,4,2LlOeW5rVcvl3QcPNPcDus,USUG12209355,yes
9,"HOT TO GO!","Chappell Roan",140,2B,76,2026-07-16,03:04,77,"","The Rise and Fall of a Midwest Princess",2023-09-22,74,2,0,96,0,30,-5,F#/G♭ Major,4,4xdBrk0nFZaP54vvZj0yx7,USUG12305911,no
10,"On My Mama","Victoria Monét",77,9A,55,2026-07-16,03:04,67,"r&b alternativo","JAGUAR II",2023-08-25,68,56,0,61,0,10,-8,E Minor,4,7DswEZZthZ6piQpL25qGAM,USRC12204025,yes
11,"Float (feat. Seun Kuti & Egypt 80)","Janelle Monáe,Seun Kuti,Egypt 80",126,3A,50,2026-07-16,04:02,53,"r&b alternativo, afrobeat","The Age of Pleasure",2023-06-09,79,22,0,31,10,80,-5,A#/B♭ Minor,4,2GLN3KJjmFhXG8mHGr6II0,USAT22222009,yes
12,"Blood And Butter","Caroline Polachek",90,8B,68,2026-07-16,04:27,47,"art pop","Desire, I Want To Turn Into You",2023-02-14,59,23,0,40,0,0,-7,C Major,4,5KE5Inz4uZKGb2EzETaOEe,QM4TW2347730,no
13,"TQG","KAROL G,Shakira",90,9A,65,2026-07-16,03:17,84,"reggaeton, latino, urbano latino, pop latino","MAÑANA SERÁ BONITO",2023-02-24,59,62,0,69,30,10,-3,E Minor,4,0DWdj2oZMBFSzRsi2Cvfzf,USUM72222541,yes
14,"MONACO","Bad Bunny",139,9A,62,2026-07-16,04:27,87,"reggaeton, trap latino, latino, urbano latino","nadie sabe lo que va a pasar mañana",2023-10-13,79,15,0,13,0,50,-5,E Minor,4,4MjDJD8cW7iVeWInc2Bdyj,QMFME2364182,yes
15,"Pearls","Jessie Ware",123,8A,84,2026-07-16,04:03,51,"","That! Feels Good!",2023-04-28,64,2,0,72,10,20,-5,A Minor,4,5EAbUR2kkfDOCWEcWcb7YG,GBUM72300304,no
16,"From The Start","Laufey",81,3B,34,2026-07-16,02:49,89,"","Bewitched",2023-09-08,55,89,0,83,0,10,-10,C♯/D♭ Major,4,43iIQbw5hx986dUEZbr3eN,QMDA62312093,no
17,"Worth It.","RAYE",110,4B,48,2026-07-16,04:06,81,"","My 21st Century Blues",2023-02-03,74,51,0,61,0,30,-8,G#/A♭ Major,4,7JgNAnCjJvL8hBR1kmCOFF,QMDA62229986,no
18,"Temporary (feat. Don Toliver)","6LACK,Don Toliver",133,11A,53,2026-07-16,02:58,46,"","Since I Have A Lover",2023-03-24,74,33,0,16,0,10,-4,F#/G♭ Minor,4,5jcimR2X6OBkosIqPrhdi8,USUM72302901,no
19,"i hate love (feat. Steve Martin)","Kelly Clarkson,Steve Martin",100,10B,67,2026-07-16,03:33,41,"natal, bluegrass, comédia, newgrass","chemistry",2023-06-23,61,0,0,34,0,30,-6,D Major,4,4j3FTxIHnFxkcNkHaq5yeg,USAT22302094,no
20,"why does the earth give us people to love?","Kara Jackson",80,8A,32,2026-07-16,06:15,23,"","Why Does the Earth Give Us People to Love?",2023-04-14,57,53,0,19,0,10,-9,A Minor,4,58DEyGYEzY63sIWOuPlGDl,USQX92204585,no
21,"Gloria","Sam Smith",177,7B,29,2026-07-16,01:50,36,"o lado suave do pop","Gloria",2023-01-27,10,87,0,28,0,0,-13,F Major,5,5miqHxHfCGpR6W9u2uzSgj,GBUM72205421,no
22,"Summer Too Hot","Chris Brown",90,10A,70,2026-07-16,03:07,57,"r&b","11:11",2023-11-10,70,21,0,26,0,10,-8,B Minor,4,47gueui8O3YPtQL410Mimv,USRC12301497,yes
23,"Last Night","Morgan Wallen",204,2B,67,2026-07-16,02:43,87,"country","One Thing At A Time",2023-03-03,49,41,0,49,0,10,-5,F#/G♭ Major,4,583dMdiUquLMenarTp7PQm,USUG12300802,yes
24,"Life Goes On","Ed Sheeran",154,3B,30,2026-07-16,03:30,56,"o lado suave do pop","- (Deluxe)",2023-05-05,58,81,0,46,0,10,-8,C♯/D♭ Major,4,74eJR4gwG1ZmG4BFkbrOlA,GBAHS2201305,no
25,"Chemical","Post Malone",170,10B,91,2026-07-16,03:03,61,"","AUSTIN",2023-07-28,49,0,0,39,0,10,-5,D Major,4,7jvtmQ3onpWeUm7dyFSSSc,USUM72305205,yes
26,"First Person Shooter (feat. J. Cole)","Drake,J. Cole",164,10A,66,2026-07-17,04:07,75,"rap","For All The Dogs",2023-10-06,48,3,0,25,30,30,-7,B Minor,4,7aqfrAY2p9BUSiupwk3svU,USUG12306071,yes
27,"FE!N (feat. Playboi Carti)","Travis Scott,Playboi Carti",148,2A,88,2026-07-17,03:11,86,"rap, rage rap","UTOPIA",2023-07-28,57,3,0,20,0,10,-3,D#/E♭ Minor,4,42VsgItocQwOQC3XWZ8JNA,USSM12305010,yes
28,"SCIENTISTS & ENGINEERS (feat. Future & Eryn Allen Kane)","Killer Mike,André 3000,Eryn Allen Kane,Future",140,4A,73,2026-07-17,04:13,56,"southern hip hop, hip hop alternativo, jazz ambiente, neo soul, rap, trap","MICHAEL",2023-06-16,52,69,0,50,30,20,-7,F Minor,4,1UsPflAuWTNteFUPJAJe8E,USC4R2332611,yes
29,"Burfict!","JPEGMAFIA,Danny Brown",138,12A,95,2026-07-17,02:21,48,"rap experimental, hip hop alternativo, experimental","SCARING THE HOES",2023-03-24,65,11,0,84,30,20,-1,C♯/D♭ Minor,4,5IZpEuLMO5lEmN1Rr008p8,QM4TX2336636,yes
30,"Quaranta","Danny Brown",80,5A,48,2026-07-17,02:39,32,"rap experimental, hip hop alternativo","Quaranta",2023-11-17,34,20,2,34,0,10,-12,C Minor,4,7GqzDT97Bnn9MfGDYIWkrY,GBBPW2300140,yes
31,"the BLACK seminole.","Lil Yachty,Diana Gordon",136,8A,55,2026-07-17,06:51,56,"","Let’s Start Here.",2023-01-27,29,6,27,11,0,10,-6,A Minor,4,1rydhdFtKe2CRkiaVb7aGF,USUG12204687,no
32,"Flooded The Face","Lil Uzi Vert",132,12A,61,2026-07-17,03:12,68,"rap melódico, rage rap","Pink Tape",2023-06-30,64,49,0,39,30,10,-8,C♯/D♭ Minor,4,4daEMLSZCgZ2Mt7gNm2SRa,USAT22306846,yes
33,"Never Die (feat. Lil Wayne)","Nas,Lil Wayne",95,7A,96,2026-07-17,03:10,43,"hip hop old school, east coast hip hop, hip hop, rap","Magic 3",2023-09-14,76,29,0,33,20,30,-3,D Minor,4,5uTQKPRk3rfOOt97WIHf8f,QMFME2307587,yes
34,"Parade on Cleveland (feat. Drake)","Young Thug,Drake",166,2A,28,2026-07-17,03:48,64,"rap, rap melódico, trap","BUSINESS IS BUSINESS",2023-06-23,53,45,0,35,50,10,-13,D#/E♭ Minor,1,05CTjmZKjZoCKQvM1Ldq9M,USAT22306742,yes
35,"Private Landing (feat. Justin Bieber & Future)","Don Toliver,Justin Bieber,Future",137,12A,64,2026-07-17,03:58,59,"rap, trap","Love Sick (Deluxe)",2023-02-28,86,11,0,45,10,10,-4,C♯/D♭ Minor,4,2Ryzn1QqRKIKbAMNEXbLSB,USAT22301679,yes
36,"4EVA","KAYTRAMINÉ,Aminé,KAYTRANADA,Pharrell Williams",112,11A,70,2026-07-17,03:10,63,"","KAYTRAMINÉ",2023-05-19,83,2,7,54,0,0,-9,F#/G♭ Minor,4,2S4HEo4LCcIbU1AcEQ4RQZ,QZLBC2306274,yes
37,"Needle (feat. Drake)","Nicki Minaj,Drake",110,9B,59,2026-07-17,03:55,65,"rap","Pink Friday 2",2023-12-08,81,27,0,35,10,10,-7,G Major,4,4I4G0LD277PWvfblYtSf91,USUM72318690,yes
38,"fukumean","Gunna",130,12A,62,2026-07-17,02:05,81,"rap melódico","a Gift & a Curse",2023-06-16,85,12,0,22,0,20,-7,C♯/D♭ Minor,4,4rXLjWdF2ZZpXCVTfWcshS,USAT22306575,yes
39,"Sentry (feat. MIKE)","Earl Sweatshirt,The Alchemist,MIKE",58,10B,52,2026-07-17,02:16,48,"rap experimental, hip hop alternativo, jazz rap, boom bap","VOIR DIRE",2023-10-06,36,80,0,48,10,10,-10,D Major,4,48gtujiZ77wSZ29aWZe84V,USWB12304655,yes
40,"Paint The Town Red","Doja Cat",100,7A,56,2026-07-17,03:50,62,"","Scarlet",2023-09-22,86,26,0,73,10,10,-8,D Minor,4,7DlZH8EiVDgQXNoj3dnyZC,USRC12300907,yes
41,"Smoke Break-Dance - feat. JID","Mick Jenkins,JID",120,8A,66,2026-07-17,02:55,51,"jazz rap, ","The Patience",2023-08-18,89,9,0,82,0,0,-7,A Minor,3,3EcqaLV76JnvSQOInAmdXv,QMRSZ2300902,yes
42,"KITCHEN LIGHTS","Westside Gunn,Stove God Cooks",76,6A,69,2026-07-17,05:00,56,"boom bap, hip hop alternativo, jazz rap, rap experimental, ","And Then You Pray For Me",2023-10-13,26,4,0,43,0,10,-4,G Minor,4,4mlP10ICLhXt2QmUf0GkpB,USUYG1483976,yes
43,"Big Diamonds (feat. 21 Savage)","2 Chainz,Lil Wayne,21 Savage",176,3A,77,2026-07-17,03:19,43,"southern hip hop, rap, hip hop, ","Welcome 2 Collegrove",2023-11-17,74,2,0,44,20,10,-5,A#/B♭ Minor,4,5FDc4ljIWyW8wClzt54dhs,USUG12308360,yes
44,"SAY MY GRACE (feat. Travis Scott)","Offset,Travis Scott",122,6B,63,2026-07-17,02:53,70,"rap","SET IT OFF",2023-10-13,77,6,0,43,0,10,-5,A#/B♭ Major,4,2Gk6fi0dqt91NKvlzGsmm7,USUM72313167,yes
45,"Palisades, CA","Larry June,The Alchemist,Big Sean",130,5A,74,2026-07-17,03:14,50,"hip hop alternativo, jazz rap, rap experimental, boom bap, ","The Great Escape",2023-03-31,71,7,0,68,20,30,-9,C Minor,4,70wd1fE44Rb9mnZMaApmkc,USUYG1466981,yes
46,"Run, Run, Run","McKinley Dixon",112,8B,89,2026-07-17,03:02,49,"jazz rap, rap experimental","Beloved! Paradise! Jazz!?",2023-06-02,67,28,0,73,10,20,-4,C Major,4,7gwO0ePo0xG2qjvQTgJvRJ,DED620072920,yes
47,"Fighting My Demons","Ken Carson",142,3B,66,2026-07-17,02:30,73,"rage rap","A Great Chaos",2023-10-13,52,0,0,4,0,40,-5,C♯/D♭ Major,4,2c7sRekhMGlj7u1WIIzoQu,USUM72314187,yes
48,"SkeeYee","Sexyy Red",83,3B,69,2026-07-17,02:37,65,"","Hood Hottest Princess",2023-06-09,77,3,0,65,0,60,-5,C♯/D♭ Major,4,7icwQvajsokotDfM3tefW6,QZQAY2395569,yes
49,"From Hotel 1105 With Love","D2x",75,3B,77,2026-07-17,05:10,23,"","Hotel 1105",2023-08-23,45,45,0,60,30,40,-5,C♯/D♭ Major,4,4bjzAUoQyyQHP5X8WfoJUn,QZNWX2350289,no
50,"FaceTime","billy woods,Kenny Segal,Samuel T. Herring",139,11A,82,2026-07-17,03:32,42,"rap experimental, hip hop alternativo, east coast hip hop, experimental, hip hop underground, jazz rap, ","Maps",2023-05-05,60,8,0,58,20,30,-7,F#/G♭ Minor,4,0b2b3WzP0QxuA0R7mKg9CL,QM4TX2339900,no
51,"This Is Why","Paramore",123,10B,81,2026-07-17,03:27,64,"pop punk, emo","This Is Why",2023-02-10,73,0,0,63,0,10,-5,D Major,4,7HdXRMw14roDx2a0COWk3M,USAT22215020,no
52,"Sweet Sounds Of Heaven (feat. Lady Gaga)","The Rolling Stones,Lady Gaga",131,7B,67,2026-07-17,07:22,49,"rock clássico, rock, art pop, pop","Hackney Diamonds",2023-10-20,45,1,0,30,0,10,-5,F Major,3,0PyGmZCJ65xZBhXqCGYWlC,GBUM72302312,no
53,"Cosmic","Avenged Sevenfold",127,11B,72,2026-07-17,07:31,60,"metal, metal alternativo","Life Is But a Dream…",2023-06-02,27,0,1,16,0,10,-8,A Major,4,1xA87lWGnZlIjG8tw4327F,USWB12207177,no
54,"72 Seasons","Metallica",168,11B,98,2026-07-17,07:39,57,"metal, thrash metal, rock, heavy metal, hard rock","72 Seasons",2023-04-14,19,0,4,39,0,0,-4,A Major,4,3uSATa7xWXVJrMhJJSnGGk,QMKHM2200016,no
55,"Emotion Sickness","Queens of the Stone Age",122,12B,45,2026-07-17,04:31,49,"stoner rock, rock alternativo","In Times New Roman...",2023-06-16,48,0,0,68,0,70,-6,E Major,4,5a8V2ZeVLj8ktvodCa1m80,USMTD2200636,yes
56,"The Teacher","Foo Fighters",149,9A,91,2026-07-17,10:04,48,"post-grunge, rock, rock alternativo, grunge","But Here We Are",2023-06-02,20,0,4,14,0,50,-6,E Minor,4,7buGBnA0vkYulQafSZnpHx,USRW32300024,no
57,"Not Strong Enough","boygenius,Julien Baker,Phoebe Bridgers,Lucy Dacus",127,3B,80,2026-07-17,03:54,73,"folk ambiente, ","the record",2023-03-31,50,0,0,31,0,10,-6,C♯/D♭ Major,4,09DR0sHnQUhHOiSNttc1mv,USUG12209242,no
58,"Meeting The Master","Greta Van Fleet",148,2B,65,2026-07-17,05:12,55,"rock","Starcatcher",2023-07-21,21,10,0,10,0,10,-4,F#/G♭ Major,4,6jXwOrrBoutMICNxckeDNQ,USUM72304921,no
59,"Oil (feat. Stevie Nicks)","Gorillaz,Stevie Nicks",127,7B,95,2026-07-17,03:50,64,"","Cracker Island",2023-02-24,63,0,0,36,0,20,-4,F Major,4,36MGfjOTOwx1udRX5dDnoJ,GBAYE2200460,no
60,"GOSSIP (feat. Tom Morello)","Måneskin,Tom Morello",140,11B,82,2026-07-17,02:48,54,"","RUSH!",2023-01-20,70,0,0,91,0,0,-3,A Major,4,2nImLUFhZ5lpboRkNB0J2x,ITB002200841,yes
61,"MORE THAN YOU KNOW","blink-182",126,12B,99,2026-07-17,03:37,44,"pop punk, punk, skate punk, rock, emo","ONE MORE TIME...",2023-10-27,60,0,0,31,10,0,-3,E Major,4,6is198totXPWEoY2ulZ4A5,USSM12306396,no
62,"VOID","Melanie Martinez",100,11B,66,2026-07-17,04:07,58,"","PORTALS",2023-03-31,72,18,4,42,0,10,-7,A Major,4,6KqOVYU3af2wsqxh1iO1lx,USAT22220418,no
63,"Djennaration","Liturgy",126,10B,97,2026-07-17,08:20,27,"black metal, vanguarda, drone metal","93696",2023-03-24,17,0,90,6,10,10,-5,D Major,4,2yF0Gpl0t5aUvnlL2cm9Hg,USTJ22358102,no
64,"Locals (Girls like us) [with gabby start]","underscores,gabby start",134,11B,68,2026-07-17,04:18,58,"hyperpop","Wallsocket",2023-09-22,73,1,0,52,10,0,-6,A Major,4,42FM6tM3n06euZCvpJn3dn,USQE92300060,no
65,"Bogus Operandi","The Hives",145,10A,99,2026-07-17,03:43,52,"garage rock","The Death Of Randy Fitzsimmons",2023-08-11,36,2,0,8,10,30,-2,B Minor,4,74vF2AJsJr4Bz5gJivquDS,NLRD52317987,yes
66,"WILL U STILL U","Jeff Rosenstock",110,1B,91,2026-07-17,03:20,40,"folk punk, punk indie, power pop, ska punk","HELLMODE",2023-08-31,61,0,0,51,0,10,-5,B Major,4,4fMvjawqxG18OzaMJBrmig,US3R42347501,yes
67,"The Summoning","Sleep Token",173,3A,70,2026-07-17,06:35,75,"metal progressivo, metalcore","Take Me Back To Eden",2023-05-19,40,0,0,15,0,0,-5,A#/B♭ Minor,4,0S38Oso3I9vpDXcTb7kYt9,GBUM72200352,no
68,"Love From The Other Side","Fall Out Boy",158,9A,90,2026-07-17,04:39,60,"emo, pop punk","So Much (For) Stardust",2023-03-24,42,0,0,22,10,30,-6,E Minor,4,2W0ML0bVXNew4Jmc40Rpzj,USAT22222691,no
69,"I See Myself","Geese",132,7B,61,2026-07-17,03:00,64,"art rock","3D Country",2023-06-23,77,17,0,89,0,40,-8,F Major,4,4gFFHAj5iwUEHwPpjZTdi5,USBQU2200321,no
70,"Any Time Of Day","The Lemon Twigs",134,1B,63,2026-07-17,02:51,14,"pop barroco, power pop","Everything Harmony",2023-05-05,57,46,0,35,0,10,-7,B Major,4,4NT4LbSip4Es4stbiC27jT,QMMZN2102409,no
71,"Jesus He Knows Me","Ghost",95,9B,96,2026-07-18,04:05,43,"metal, hard rock","Phantomime",2023-05-19,47,0,0,20,0,10,-5,G Major,4,0TDEMCEQXYM4KxNp3SBdjx,USC4R2225683,no
72,"Knockoff","Poppy",113,8B,68,2026-07-18,03:04,44,"","Zig",2023-10-27,70,19,6,58,0,20,-8,C Major,4,1h8To3eAGO9bFZClu2ZXtv,USYFZ2351802,yes
73,"Rabid Funeral","Autopsy",106,4A,99,2026-07-18,05:01,15,"death metal, grindcore, metal","Ashes, Organs, Blood and Crypts",2023-10-27,16,0,28,4,10,30,-3,F Minor,4,0Uxni61tUti9r6TsCiIzSp,GBCQV2300165,yes
74,"My Love Mine All Mine","Mitski",114,11B,31,2026-07-18,02:17,88,"","The Land Is Inhospitable and So Are We",2023-09-15,50,87,14,12,0,10,-15,A Major,4,3vkCueOmm7xQDoJ17W1Pm3,USJ5G2335007,no
75,"Hollywood Baby","100 gecs",77,6B,87,2026-07-18,03:07,59,"hyperpop, glitch","10,000 gecs",2023-03-17,43,2,0,61,10,20,-3,A#/B♭ Major,4,0oigSejhoNen2EdNAIFcm5,USAT22208967,yes
76,"Sou Má","LUDMILLA,Tasha & Tracie,Ajaxx",130,11A,67,2026-07-19,03:30,50,"pagode, pop nacional, funk pop, funk, pagode baiano, funk carioca, samba, hip hop brasileiro, trap brasileiro, trap funk, trap","VILÃ",2023-03-24,84,9,0,64,20,0,-7,F#/G♭ Minor,4,7vJQNVZgwTLIh98biCmpRs,BRWMB2300056,no
77,"Dano Sarrada","Marina Sena",130,12A,84,2026-07-19,03:25,59,"pop nacional, nova mpb, mpb","Vício Inerente",2023-04-27,68,12,0,29,0,10,-6,C♯/D♭ Minor,4,1vtXEy3Ii46hL6wML8H5He,BCMA52300005,no
78,"Penhasco2","Luísa Sonza,Demi Lovato",124,6A,28,2026-07-19,02:53,55,"pop nacional, funk pop, funk, ","Escândalo Íntimo",2024-05-28,46,72,0,17,0,10,-9,G Minor,4,0t5cfOZxePTvuYXTywHzjH,BRSME2301255,no
79,"Sintoniza","IZA,Djonga",90,2B,82,2026-07-19,02:58,38,"pop nacional, hip hop brasileiro, boom bap, trap brasileiro","AFRODHIT",2023-08-03,73,14,0,67,20,30,-3,F#/G♭ Major,4,52aonA32y0YYt1NfnZNvWv,BRWMB2301047,no
80,"Camisa P","Major RD,Rock Danger,Xamã,Froid,Cynthia Luz",92,10A,58,2026-07-19,03:13,59,"trap brasileiro, hip hop brasileiro, trap, trap funk, boom bap","Ascensão do Cisne Negro",2023-09-27,72,56,0,48,20,10,-7,B Minor,4,0DPjN6E1YtYIH42IPomCNM,BXQZW2300037,yes
81,"da lua","Djonga,Veigh,LISBOA",103,3A,55,2026-07-19,03:29,64,"hip hop brasileiro, boom bap, trap brasileiro, trap funk, trap, pagode","Inocente  Demotape ",2023-10-13,70,38,0,50,40,10,-7,A#/B♭ Minor,4,0F1FsfYvx7eyAC64EPzD7S,BCQAL2300038,yes
82,"Sereia","Orochi,MC Ryan SP,Oruam,Xamã,Neo Beats,Kizzy,Mainstreet",115,11B,66,2026-07-19,04:54,70,"trap brasileiro, hip hop brasileiro, trap funk, trap, funk, funk consciente","Vida Cara",2023-01-09,65,28,0,51,10,10,-5,A Major,5,5geU4byUA1hnQofQPOsPDS,BCM9A2200050,yes
83,"DAMN!","Ryu, The Runner,Emitê Único,Salve Crazy,Luk The Real,6ee",145,6B,44,2026-07-19,02:16,23,"trap brasileiro, trap, trap funk, hip hop brasileiro","Essa é a Vida de um Corredor",2023-03-03,90,27,0,92,30,20,-11,A#/B♭ Major,4,1zblwa2oHKyCerxA1hLEvO,BCY5N2300005,yes
84,"99 Problemas","Duquesa,Mc Luanna,Go Dassisti",116,2B,50,2026-07-19,03:10,66,"trap brasileiro, hip hop brasileiro","TAURUS",2023-06-30,91,22,0,67,20,10,-10,F#/G♭ Major,4,5dFYzcIVBUCu6YIix6cdNw,BXBGP2300064,yes
85,"DJAVAN","Luccas Carlos,Maui,Francci",130,2A,89,2026-07-19,03:01,40,"hip hop brasileiro, pop nacional, trap brasileiro, boom bap, synthwave, chillwave","Dois",2023-11-07,77,57,0,89,0,10,-5,D#/E♭ Minor,4,5ulRqyIxWd5Zz5E3835dA5,BRRGE2300861,no
86,"Tenho Que Me Decidir","MC PH,Borges,WIU,Pedro Lotto,WEY",124,3B,60,2026-07-19,03:52,67,"funk, trap funk, funk consciente, trap brasileiro, trap, hip hop brasileiro","O Cara Do Momento",2023-11-29,80,39,0,75,0,10,-7,C♯/D♭ Major,4,697gwO5YoSGVAnlfREIZll,BXG6R2301027,yes
87,"Alma","Tz da Coronel,Ariel Donato,Cúpula",110,9A,59,2026-07-19,03:36,56,"trap brasileiro, trap funk, trap, hip hop brasileiro","Dacoromode",2023-10-18,65,32,0,21,0,10,-7,E Minor,4,0cGZqldxzID9FkSZtPowHt,BC2TS2300004,no
88,"Dialogo","Yunk Vino,D Santana,Labbel Rec",122,11A,45,2026-07-20,02:21,62,"trap brasileiro, trap, trap funk, hip hop brasileiro","Meu Amigo Diário, Vol. 1 - M.A.D",2023-05-08,88,43,0,59,0,10,-8,F#/G♭ Minor,4,5T9QnISeG2Q6Ysu9HbaAzS,BXBGP2300046,yes
89,"BOM TE ENCONTRAR","BK,João Gomes,Nansy Silvvz,Gigantes",137,11B,56,2026-07-20,03:17,71,"hip hop brasileiro, boom bap, trap brasileiro, piseiro, forró, arrocha, sertanejo, forró tradicional, brega","VERÃO CRIMINOSO",2023-12-15,83,61,0,69,0,10,-6,A Major,4,1lE8MVHnEAVwvxjTTCo874,BXA5K2300023,yes
90,"No Tempo da Intolerância","Elza Soares",148,9A,88,2026-07-20,02:50,39,"samba, mpb, bossa nova","No Tempo da Intolerância",2023-06-23,59,20,0,88,0,60,-6,E Minor,4,2GY2ilbruCbGkeyRKQL7yB,BRDEP2300278,yes
91,"ETAPAS","Tchelo,retroboy",150,11A,82,2026-07-20,01:58,29,"trap brasileiro, trap, trap funk","EU TIVE UM SONHO",2023-11-17,73,14,0,40,0,10,-4,F#/G♭ Minor,4,0x06HxrYMORavjLJ3dqwNv,QZZ8A2341937,no
92,"Chove Chuva","Big Bllakk,Rock Danger,Sant,$amuka,Babidi",90,11A,70,2026-07-20,02:50,45,"boom bap, grime, hip hop brasileiro, drill, trap brasileiro, trap, trap funk","ERREJOTACULTDRILL, Vol. 2 - Esquema Novo",2023-07-28,47,32,0,44,30,10,-6,F#/G♭ Minor,5,1zPrPaYao8QKaGRimp68ZM,BXQZW2300027,yes
93,"De Atual Pra Ex - Ao Vivo","Dilsinho,Diego & Victor Hugo",85,3B,61,2026-07-20,03:24,38,"pagode, samba, sertanejo, piseiro, sertanejo universitário, arrocha","Diferentão (Ao Vivo)",2023-05-12,29,61,0,32,0,90,-7,C♯/D♭ Major,4,5TkPX6QxN9vHoINZ4YinvB,BCG3G2200079,no
94,"Oito Correntes","Victor Xamã,MANDNAH,Gabi Farias",146,4B,77,2026-07-20,03:01,30,"boom bap, hip hop brasileiro, trap brasileiro","GARCIA",2023-03-31,76,6,0,88,20,30,-7,G#/A♭ Major,4,7vO9eG10nJyI9g55cCKG38,BX95V2200002,no
95,"MEIO TERMO - Ao Vivo","Luan Santana",164,11B,96,2026-07-20,02:55,76,"sertanejo, sertanejo universitário, arrocha","LUAN CITY 2.0 (Ao Vivo)",2023-11-09,48,12,0,34,10,30,-5,A Major,4,23IebZSNZ8VzwUr4rJNGRG,BR27R2300005,no
96,"Calma Amiga","Pabllo Vittar,Anitta,DJ RaMeMes (O DESTRUIDOR DO FUNK)",130,3B,92,2026-07-20,01:09,34,"pop nacional, funk pop, tecnobrega, funk, funk carioca, funk bruxaria","Noitada",2023-02-08,75,0,1,20,0,10,-5,C♯/D♭ Major,4,4OEXVeacL0PktT4itDyReM,BCM112300004,yes
97,"QUÍMICO AMOR","FBC,Pedro Senna,Ugo Ludovico",125,8A,47,2026-07-20,04:10,39,"hip hop brasileiro, miami bass, boom bap, trap brasileiro","O AMOR, O PERDÃO E A TECNOLOGIA IRÃO NOS LEVAR PARA OUTRO PLANETA",2023-07-28,91,2,0,96,0,0,-8,A Minor,4,6ptSto28yPKJizAVLbT5Jw,BCFCX2300003,yes
98,"ligações de alma","Carol Biazin,Baco Exu do Blues",90,9A,50,2026-07-20,02:59,60,"pop nacional, nova mpb, hip hop brasileiro, trap brasileiro","REVERSA [in]ato",2023-12-12,75,26,0,46,30,20,-7,E Minor,4,77Q89ukOsI7eucDvkrldsa,BRUM72300825,no
99,"De Amor Eu Não Morri","Lagum",81,9A,63,2026-07-20,03:26,42,"nova mpb, mpb, pop nacional","Depois do Fim",2023-04-14,76,18,0,56,0,40,-10,E Minor,4,1OTdl6MWBFfSJZmbN16mgy,BRSME2202186,no
100,"Insista Em Mim","Ana Frango Elétrico",134,9A,53,2026-07-20,03:32,59,"nova mpb, mpb","Me Chama de Gato Que Eu Sou Sua",2023-10-20,61,9,0,64,0,20,-10,E Minor,4,0Z9iYTBz8UthFfNyJ4nemD,BXU9F2300007,no
101,"Dance The Night","Dua Lipa",110,10A,85,2026-07-21,02:56,70,"pop","Barbie The Album",2023-07-21,67,2,0,78,0,30,-5,B Minor,4,11C4y2Yz1XbHmaQwO06s9f,USAT22305730,no
102,"Houdini","Dua Lipa",117,8A,79,2026-07-21,03:05,45,"pop","Houdini",2023-11-09,74,0,0,87,0,0,-5,A Minor,4,65AjgsSuwgD1vj7Y7XGe6I,GBAHT2301246,no
103,"Water","Tyla",117,2A,72,2026-07-21,03:20,86,"afrobeats","Water",2023-07-28,67,9,0,52,0,10,-3,D#/E♭ Minor,4,5aIVCx5tnk0ntmdiinnYvw,USSM12305126,no
104,"Feather","Sabrina Carpenter",124,11A,69,2026-07-21,03:05,83,"pop","emails i can’t send fwd:",2023-03-17,79,7,0,83,0,10,-4,F#/G♭ Minor,4,2Zo1PcszsT9WQ0ANntJbID,USUM72301876,yes
105,"Never Felt So Alone","Labrinth",98,7B,41,2026-07-21,02:40,74,"","Never Felt So Alone",2023-04-07,44,50,0,36,0,30,-4,F Major,3,2NbsBSshscKIPRG3kwBbfo,USSM12302165,no
106,"Popular (with Playboi Carti & Madonna)","The Weeknd,Playboi Carti,Madonna",99,3B,67,2026-07-21,03:35,61,"rage rap, ","Popular",2024-01-26,85,5,0,85,10,50,-6,C♯/D♭ Major,4,1L8ObNUDCh7k6GwDIbfx9Q,USUG12303876,yes
107,"The Hillbillies","Baby Keem,Kendrick Lamar",150,3B,62,2026-07-21,03:24,62,"hip hop, west coast hip hop","The Hillbillies",2023-06-05,80,2,0,21,10,10,-6,C♯/D♭ Major,4,1h6w4POXM2LfG4ZD4xUfZQ,USSM12303805,yes
108,"To Summer, From Cole - Audio Hug","Summer Walker,J. Cole",74,11A,47,2026-07-21,02:27,67,"r&b, rap","CLEAR 2: SOFT LIFE EP",2023-05-19,73,71,0,60,30,10,-10,F#/G♭ Minor,4,2f86Ae3R4OKAu1lEIqouih,USUM72304857,yes
109,"All My Life (feat. J. Cole)","Lil Durk,J. Cole",143,5B,57,2026-07-21,03:43,71,"drill de chicago, drill, rap","Almost Healed",2023-05-26,79,4,0,73,20,10,-6,D#/E♭ Major,4,6T7FXSuXykeGktMLGp8WgE,USQX92302957,yes
110,"The Secret Recipe","Lil Yachty,J. Cole",145,7B,81,2026-07-21,04:08,51,"rap","The Secret Recipe",2023-09-29,57,70,0,69,30,10,-5,F Major,4,51RaJOy09JMFHyPaDgXxBO,USUG12300155,yes
111,"Van Gogh (feat. Lil Yachty)","JID,Lil Yachty",138,10B,66,2026-07-21,02:06,53,"","BlakkBoyz present Half Doin Dope/Van Gogh",2023-09-01,76,9,0,49,20,10,-6,D Major,4,2tcI5EedPVjrxwewRQs62W,USUM72312836,yes
112,"Search & Rescue","Drake",140,3A,44,2026-07-21,04:32,76,"rap","Search & Rescue",2023-04-07,83,8,0,53,0,30,-9,A#/B♭ Minor,4,7aRCf5cLOFN1U7kvtChY1G,USUG12301601,yes
113,"Who Told You (feat. Drake)","J Hus,Drake",77,10A,73,2026-07-21,03:28,65,"afroswing, grime, grime reino unido, afrobeats, rap","Beautiful And Brutal Yard",2023-07-14,71,16,0,88,30,10,-5,B Minor,5,6kgaI3kHkqmRimeGQdS4Ga,GBARL2300716,yes
114,"Sprinter","Dave,Central Cee",139,3B,68,2026-07-21,03:49,48,"grime, grime reino unido, drill reino unido, drill","Split Decision",2023-06-04,92,26,0,71,20,0,-5,C♯/D♭ Major,4,7aLt8oC8wpjV1PoZUGpFRD,GBUM72305159,yes
115,"Favorite Song","Toosii",116,10B,38,2026-07-21,03:24,69,"","NAUJOUR",2023-06-02,81,27,0,43,0,10,-9,D Major,4,5Bvhk3wx42kkDEggSQIwqL,USUM72301797,no
116,"Lovin On Me","Jack Harlow",105,10B,56,2026-07-21,02:18,82,"","Lovin On Me",2023-11-10,94,0,0,61,0,0,-5,D Major,4,4xhsWYTOGcal8zt0J161CU,USAT22311371,yes
117,"Doomsday (with Juice WRLD & Cordae)","Lyrical Lemonade,Juice WRLD,Cordae",93,3B,70,2026-07-21,02:30,59,"rap melódico, rap emo, ","Doomsday",2023-06-23,73,7,0,85,20,30,-4,C♯/D♭ Major,4,3bkpVSoNvBkvt9LJMFT5at,USUG12303674,yes
118,"Am I Dreaming (Metro Boomin & A$AP Rocky, Roisee)","Metro Boomin,A$AP Rocky,Roisee",90,8A,54,2026-07-21,04:16,81,"rap, ","METRO BOOMIN PRESENTS SPIDER-MAN: ACROSS THE SPIDER-VERSE (SOUNDTRACK FROM AND INSPIRED BY THE MOTION PICTURE)",2023-06-02,60,5,0,13,0,20,-8,A Minor,4,6Ec5LeRzkisa5KJtwLfOoW,USUM72308540,no
119,"SHAQ & KOBE","Rick Ross,Meek Mill",174,3A,74,2026-07-21,03:39,53,"southern hip hop, rap","Too Good To Be True",2023-11-10,49,19,0,48,50,20,-5,A#/B♭ Minor,4,6FAFmXCsjrIV4Vu7ee7WuX,QZSYP2303880,yes
120,"Big Dog (with Lil Wayne)","Benny The Butcher,Lil Wayne",147,10A,78,2026-07-21,04:13,45,"boom bap, rap, hip hop","Big Dog",2023-11-03,61,53,0,43,40,30,-6,B Minor,4,4EKfEZ89t2DzU41RbsyFC6,USUG12307119,yes
121,"Brand New","Tyga,YG,Lil Wayne",103,3B,52,2026-07-21,03:02,49,"hyphy, rap, hip hop","Hit Me When U Leave The Klub: The Playlist",2023-09-29,61,17,0,52,30,30,-6,C♯/D♭ Major,4,697cBYjdAjPKe0RsEc6532,USUYG1507439,yes
122,"Princess Diana (with Nicki Minaj)","Ice Spice,Nicki Minaj",148,11B,69,2026-07-21,02:52,40,"","Like..?",2023-01-20,90,17,0,77,10,10,-5,A Major,4,5srVvRaKkYnzTCxgEQmHcg,USUG12300215,yes
123,"SORRY NOT SORRY","Tyler, The Creator",96,11A,80,2026-07-21,03:26,66,"","CALL ME IF YOU GET LOST: The Estate Sale",2023-03-31,48,40,0,50,20,30,-4,F#/G♭ Minor,3,410ZZP746AQeiywhKvXWCo,USQX92301939,yes
124,"VULTURES","¥$,Kanye West,Ty Dolla $ign,Bump J",146,12A,55,2026-07-21,03:57,54,"rap, trap soul, drill de chicago","VULTURES",2023-11-22,71,14,0,56,20,10,-7,C♯/D♭ Minor,4,7KlhGxWSB9ljGK6gEKIGhi,CA5KR2406316,yes
125,"Sittin' On Top Of The World (feat. 21 Savage)","Burna Boy,21 Savage",98,3B,85,2026-07-21,03:08,53,"afrobeats, afrobeat, afropop, afroswing, dancehall, afropiano, ","I Told Them...",2023-08-24,80,3,0,77,0,10,-4,C♯/D♭ Major,4,0TIYRdf5622SXVPEDvawPy,USAT22306274,yes
126,"Best Time","Brent Faiyaz",93,11B,31,2026-07-21,01:22,79,"r&b","Larger Than Life",2023-10-27,81,16,0,70,10,0,-7,A Major,4,1zgHn1EqUyA0HqNYMdJ5ia,QZNMY2304784,yes
127,"Praise Jah In The Moonlight","YG Marley",125,11A,73,2026-07-21,04:23,76,"reggae","Praise Jah In The Moonlight",2023-12-27,66,13,0,42,0,50,-4,F#/G♭ Minor,4,3h5TiWTqGxjSjFrbruPFH9,CH7811111177,no
128,"Rumble","Skrillex,Fred again..,Flowdan",140,12A,84,2026-07-21,02:26,66,"dubstep, edm, electro, eletronic, stutter house, house, drum and bass, grime, garage reino unido","Quest For Fire",2023-02-17,81,5,23,6,0,0,-8,C♯/D♭ Minor,4,74fmYjFwt9CqEFAh8ybeBD,USAT22221613,no
129,"Rush","Troye Sivan",126,3A,84,2026-07-21,02:36,82,"","Something To Give Each Other",2023-10-13,73,0,0,40,0,10,-8,A#/B♭ Minor,4,4ZnkygoWLzcGbQYCm3lkae,AUUM72300170,yes
130,"greedy","Tate McRae",111,11A,71,2026-07-21,02:09,66,"","THINK LATER",2023-12-08,75,28,0,86,0,20,-4,F#/G♭ Minor,1,4kfSXPK13aXkLzuz02hCSC,USRC12301932,yes
131,"Padam Padam","Kylie Minogue",128,7B,62,2026-07-21,02:46,71,"dance pop","Tension (Deluxe)",2023-09-22,74,22,0,70,20,10,-8,F Major,4,44MuEHdlociG8KjhPhOVw5,GB5KW2301017,no
132,"Single Soon","Selena Gomez",105,10B,57,2026-07-21,02:51,67,"","Single Soon",2023-08-25,61,1,0,75,0,10,-6,D Major,4,6iF4RgIjDvDqyW13PezSj3,USUM72310919,no
133,"Cupid","FIFTY FIFTY",120,10B,72,2026-07-21,02:54,70,"k-pop","The Beginning",2023-09-22,77,53,0,91,0,30,-5,D Major,4,4TqmTBSWsZXMj3LouLEvXn,KSA012239180,no
134,"Super Shy","NewJeans",150,4A,82,2026-07-21,02:34,62,"k-pop","NewJeans 2nd EP 'Get Up'",2023-07-21,78,18,0,52,0,10,-6,F Minor,4,0kwrPQkiGVE8KTHalH1uMo,USA2P2330068,no
135,"FLOWER","JISOO",124,8A,39,2026-07-21,02:53,70,"k-pop","ME",2023-03-31,84,3,0,64,0,10,-8,A Minor,4,69CrOS7vEHIrhC2ILyEi0s,KRA402300002,no
136,"Like Crazy","Jimin",120,9B,73,2026-07-21,03:32,78,"k-pop","FACE",2023-03-24,63,0,0,36,0,30,-5,G Major,4,3Ua0m0YmEjrMi9XErKcNiR,USA2P2251865,no
137,"Seven (feat. Latto) (Explicit Ver.)","Jung Kook,Latto",125,1B,83,2026-07-21,03:03,85,"k-pop, ","GOLDEN",2023-11-03,79,31,0,87,0,0,-4,B Major,4,2HRgqmZQC0MC7GeNuDIXHN,USA2P2330093,yes
138,"Oral","Björk,ROSALÍA",171,10A,69,2026-07-21,03:42,49,"art pop, trip hop, latino","Oral",2023-11-21,25,31,0,27,0,10,-6,B Minor,4,2zBiGZhXWueCpKqIeKAssH,GBBTF2300205,no
139,"Strangers","Kenya Grace",170,10A,52,2026-07-21,02:52,78,"","Strangers",2023-09-01,63,70,0,42,0,20,-8,B Minor,4,5mjYQaktjmjcMKcUIcqz4s,USWB12305048,no
140,"Daylight","David Kushner",130,7A,43,2026-07-21,03:32,75,"","Daylight",2023-04-14,51,83,0,32,0,0,-9,D Minor,4,4Gg1tYCl7rWR4laKbdtPA4,QZXDB2300005,no
141,"Lose Control","Teddy Swims",160,11B,60,2026-07-21,03:30,90,"","I've Tried Everything But Therapy (Part 1)",2023-09-15,56,20,0,24,0,10,-4,A Major,3,17phhZDn6oGtzMe56NuWvj,USWB12302315,no
142,"Will Anybody Ever Love Me?","Sufjan Stevens",81,6B,54,2026-07-21,04:09,52,"pop barroco","Javelin",2023-10-06,46,71,1,44,0,10,-9,A#/B♭ Major,4,7IAx9OvToHkT8C4ZlX9hwe,US64G2317103,no
143,"Now And Then","The Beatles",87,8A,61,2026-07-21,04:08,64,"rock clássico, rock psicodélico","Now And Then",2023-11-02,45,23,0,31,0,30,-5,A Minor,4,4vziJcnB2Qyi9o4nIRUeN7,GBUM72203947,no
144,"AmEN! (feat. Lil Uzi Vert and Daryl Palumbo of Glassjaw)","Bring Me The Horizon,Lil Uzi Vert,Daryl Palumbo,Glassjaw",105,1B,94,2026-07-21,03:09,57,"metalcore, emo, rock, screamo, metal, rap melódico, rage rap, post-hardcore, mathcore","AmEN! (feat. Lil Uzi Vert and Daryl Palumbo of Glassjaw)",2023-06-01,47,0,0,29,10,40,-3,B Major,3,5viZ8CLipufc1Q1NXpMRNN,GBARL2300647,yes
145,"Fast Car","Luke Combs",98,4B,60,2026-07-21,04:25,86,"country","Gettin' Old",2023-03-24,71,19,0,67,0,10,-6,G#/A♭ Major,4,1Lo0QY9cvc8sUB2vnIOxDT,US6XF2200436,no
146,"I Remember Everything (feat. Kacey Musgraves)","Zach Bryan,Kacey Musgraves",78,8B,45,2026-07-21,03:47,88,"country, red dirt, ","Zach Bryan",2023-08-25,43,55,0,16,0,10,-8,C Major,4,4KULAymBBJcPRpk1yO4dOG,USWB12304903,no
147,"Try That In A Small Town","Jason Aldean",146,5A,86,2026-07-21,03:01,70,"country, country acústico","Highway Desperado",2023-11-03,46,6,0,38,0,10,-4,C Minor,4,5BqI4ugJL5WaPRQ6MlC8Ho,QMRSZ2300454,yes
148,"Shakira: Bzrp Music Sessions, Vol. 53/66","Bizarrap,Shakira",122,7A,75,2026-07-21,03:34,79,"trap argentino, trap latino, urbano latino, pop latino","Shakira: Bzrp Music Sessions, Vol. 53/66",2023-01-11,84,28,0,53,0,10,-4,D Minor,4,4nrPB8O7Y7wsOCJdgXkthe,UYB282301031,no
149,"Ella Baila Sola","Eslabon Armado,Peso Pluma",148,4A,76,2026-07-21,02:45,78,"corridos tumbados, sierreño triste, corrido, sierreño, música mexicana, corridos bélicos, banda music","DESVELADO",2023-04-28,67,48,0,83,0,0,-5,F Minor,3,3qQbCzHBycnDpGskqOWY0E,USE7D2300007,no
150,"BELLAKEO","Peso Pluma,Anitta",180,11B,88,2026-07-21,03:17,74,"corrido, corridos tumbados, corridos bélicos, música mexicana, sierreño triste, banda music, pop nacional, funk pop, funk, funk carioca","BELLAKEO",2023-12-07,72,6,6,46,10,10,-3,A Major,4,05WVKTdZhlIMX4qqMLuo0f,QMFMF2388143,yes
151,"Joga Pra Lua","Anitta,DENNIS,PEDRO SAMPAIO",134,8A,95,2026-07-21,02:05,56,"pop nacional, funk pop, funk, funk carioca, funk melody, brega funk","Joga Pra Lua",2023-12-15,91,40,0,87,0,10,-3,A Minor,4,1CtcgU1q0BgJN4Aottdscu,USUG12309805,no
152,"POCPOC","PEDRO SAMPAIO",130,3A,64,2026-07-21,02:07,62,"funk, funk pop, funk carioca, pop nacional, brega funk","POCPOC",2023-11-23,84,24,0,86,0,0,-4,A#/B♭ Minor,4,0oQCRjrWGvkqkdf82UlXI3,BRWMB2301411,no
153,"PROIBIDONA","Gloria Groove,Anitta,Valesca Popozuda",76,3B,59,2026-07-21,02:35,43,"pop nacional, funk pop, pagode, funk, funk carioca","FUTURO FLUXO",2023-11-09,48,8,0,38,20,10,-6,C♯/D♭ Major,5,0Tqnom8PwHN01ntaY5KDiE,BXSBS2300001,no
154,"Tá OK","DENNIS,MC Kevin o Chris",130,1B,96,2026-07-21,01:32,69,"funk, funk carioca, funk pop, funk melody, brega funk","Tá OK",2023-05-04,86,50,1,59,0,0,-1,B Major,4,0fABszUFNbNq9IW503Gj8v,BRSME2300692,no
155,"Faz um Vuk Vuk (Teto Espelhado)","MC Kevin o Chris,Dj Nk Da Serra,Mc Magrinho",130,6A,41,2026-07-21,02:18,31,"funk, funk carioca, brega funk, funk de bh, funk bruxaria","Tamborzão Raiz: Vol 2",2023-08-11,92,50,5,68,0,10,-8,G Minor,4,5cGWxJwzJxeeJzqxkqgPnY,BX5EU2300034,yes
156,"Novidade na Área","Mc Livinho,DJ Matt D",130,7B,34,2026-07-21,02:00,65,"funk, funk carioca, funk consciente, trap funk, trap brasileiro","Novidade na Área",2023-06-23,63,76,0,36,0,30,-12,F Major,4,2uhw2oYbugGJbn10wipNX5,BCDMP2300045,yes
157,"Automotivo Bibi Fogosa","Bibi Babydoll,Dj Brunin XM,KZA Produções",135,11B,85,2026-07-21,02:09,74,"phonk, phonk brasileiro","Automotivo Bibi Fogosa",2023-11-10,72,26,0,77,0,10,-3,A Major,4,2JIzOc3HHo4MhiyZzhpBUV,QZMZ92361338,yes
158,"Vai Novinha Ah Ah Ah","Dyamante DJ",130,8B,89,2026-07-21,02:03,57,"funk carioca, funk","Ritmo dos Crias",2023-05-25,91,17,1,81,0,0,-4,C Major,4,3Nvzs0cJbLwhXPPlI8xzpC,BCWV12300010,yes
159,"VAMPIRO DE MADUREIRA","Mc Carol,Mc Gorila",130,3A,59,2026-07-21,02:11,59,"brega funk, funk, pop nacional, funk pop, funk melody","TRALHA",2023-10-25,94,2,0,61,20,20,-6,A#/B♭ Minor,4,7p33kIvDxWjzU8qc1Asxlo,BXUBN2300001,yes
160,"Posturado E Calmo","Léo Santana",113,11B,88,2026-07-21,03:07,60,"pagode baiano, axé, pagode, piseiro, arrocha, pop nacional","Another One",2023-04-14,93,70,0,79,0,50,-5,A Major,4,15nTZqWfpXZk9Xh043Ognh,BRUM72300252,no
161,"Macetando","Ivete Sangalo,LUDMILLA",130,10B,76,2026-07-21,02:47,58,"axé, pagode baiano, mpb, pop nacional, pagode, funk pop, funk, funk carioca, samba","Macetando",2023-12-15,84,9,0,78,0,70,-5,D Major,4,4uR8CslffeNgPZ3lSuyfAc,BKS182300001,no
162,"Engana Dizendo Que Ama","Veigh,Tz da Coronel,Toledo,Nagalli,Bvga Beatz,Supernova Ent",112,11A,36,2026-07-21,03:08,71,"trap brasileiro, trap funk, trap, hip hop brasileiro","Dos Prédios Deluxe",2023-05-19,79,54,0,53,30,10,-10,F#/G♭ Minor,4,39xOREhViooEYFpmnKTdrl,QZMWW2396003,yes
163,"7 NOVINHA PRA 2 MLK - BONUS TRACK","Derek,Emitê Único,Senndy",130,3B,64,2026-07-21,03:00,54,"trap brasileiro, trap, hip hop brasileiro, trap funk","Trap The Fato Deluxe",2023-10-06,81,0,0,30,20,60,-5,C♯/D♭ Major,4,53d5THIukxStMHSJrGOOvu,BRUM72301354,yes
164,"Esqueceu Seu Brinco","CJota,Yunk Vino,Luccas Carlos",121,12A,51,2026-07-21,03:44,57,"trap brasileiro, trap funk, trap, hip hop brasileiro, pop nacional","O Menino do Cabelo Rosa",2023-10-05,80,32,0,59,0,10,-9,C♯/D♭ Minor,4,0rFCtvW7paykZjbcflVOie,QZWDE2333794,yes
165,"Queen Chavosa","AJULLIACOSTA,MAT",120,3A,62,2026-07-21,02:40,55,"","Brutas Amam, Choram e Sentem Raiva",2023-10-19,85,10,0,55,50,10,-9,A#/B♭ Minor,4,1qDfZrxU4JFbJpb6u4ojCQ,BXULA2300003,yes
166,"Minha Vida é um Filme","Teto",99,4A,75,2026-07-21,03:06,61,"trap brasileiro, trap, trap funk, hip hop brasileiro","Minha Vida é um Filme",2023-04-01,86,15,0,59,0,30,-5,F Minor,4,0FBV7lozkqCSuV2q24n43x,BXW922300006,yes
167,"Flow Espacial","Teto,WIU,Matuê",162,3B,69,2026-07-21,02:45,65,"trap brasileiro, trap, trap funk, hip hop brasileiro","Flow Espacial",2023-01-30,71,2,0,45,10,0,-6,C♯/D♭ Major,4,4qDT0BeJ7BjatrN9k8AvB4,BXW922300003,yes
168,"Beleza Exótica","Raffa Moreira,Matuê,Jay Kay",154,3A,63,2026-07-21,02:37,40,"trap brasileiro, hip hop brasileiro, trap, trap funk","Beleza Exótica",2023-03-10,73,39,0,58,30,10,-5,A#/B♭ Minor,4,2hvpRKeyFQtB4a5aV9YvfV,USLZJ2311285,no
169,"Conexões de Máfia (feat. Rich The Kid)","Matuê,Rich The Kid",117,11A,58,2026-07-21,03:41,67,"trap brasileiro, trap, hip hop brasileiro, trap funk","Conexões de Máfia (feat. Rich The Kid)",2023-04-30,77,39,0,69,0,20,-7,F#/G♭ Minor,4,3ktTWpYdXrYApH54cBo4Ap,BXW922200014,yes
170,"Melhor Assim","Cesar Mc,Noventa,Dudu,Felipe Artioli",106,2B,42,2026-07-21,05:53,33,"hip hop brasileiro, trap brasileiro, trap","Ligações Estranhas",2023-10-19,77,53,5,47,0,10,-10,F#/G♭ Major,4,1QYLAJddkFWllFwiqHfMf0,QZNMX2390082,no
171,"Lista De Contato","Dudu,Ryu, The Runner,Ecologyk",128,12A,37,2026-07-21,02:02,51,"trap brasileiro, hip hop brasileiro, trap, trap funk","Lista De Contato",2023-09-29,82,77,0,45,0,10,-9,C♯/D♭ Minor,4,6HQG4Qek65p5TwbMalqN1M,BRRGE2300713,no
172,"Me Sinto Oruam","Ryu, The Runner,Leviano,Prod.Chipzz",128,10A,47,2026-07-21,02:22,53,"trap brasileiro, trap, trap funk, hip hop brasileiro","EVDC DELUXE",2023-07-28,77,54,0,72,20,0,-11,B Minor,4,5QxjPkDZUpgYBHRDAwKauj,BRRGE2300469,yes
173,"Sem Compaixão","Leviano,MC Cabelinho",119,4B,57,2026-07-21,03:22,56,"trap brasileiro, trap, trap funk, hip hop brasileiro, funk consciente","Vetin",2023-11-28,92,11,0,54,0,0,-4,G#/A♭ Major,4,1JY0M9yLPgv9VChWoCunYX,BKM2L2300056,yes
174,"De Marola","Azevedo,MC Cabelinho,Dallass,Skinny Beats",119,3A,68,2026-07-21,02:49,60,"trap brasileiro, hip hop brasileiro, trap funk, trap, funk consciente","Paz Terrível",2023-09-22,76,41,0,52,0,0,-3,A#/B♭ Minor,4,5DlrNzF7YmK2dZBjfr0qZ2,BKM2L2300064,no
175,"Loucura","Borges,MC Cabelinho,Veigh,RUXN,Palma,Kizzy",80,4B,68,2026-07-21,02:59,68,"trap brasileiro, trap, trap funk, hip hop brasileiro, funk consciente","Amor e Ódio",2023-12-13,46,59,0,70,10,20,-6,G#/A♭ Major,3,4QCwvUs4ob87Tq9VP07Uo3,BCM9A2300102,yes
176,"Ballena","Vulgo FK,MC PH,Veigh,Pedro Lotto,Fepache",120,8A,51,2026-07-21,03:20,62,"trap brasileiro, trap funk, trap, funk, hip hop brasileiro, funk consciente","Ballena",2023-07-13,66,31,0,23,30,10,-8,A Minor,4,0NkOJBVzL0MaU3JgqJRtkv,BRRGE2300535,no
177,"Se Acaba (feat. Mc Don Juan & MC Ryan SP)","Xamã,Vulgo FK,Mc Don Juan,MC Ryan SP",120,11A,72,2026-07-21,03:38,33,"hip hop brasileiro, trap brasileiro, trap funk, trap, funk, funk consciente","O Último Romântico Online",2023-05-25,73,47,0,73,0,10,-4,F#/G♭ Minor,4,0eQeAyiExwlJx3ltzzRrrv,BX7WJ2300004,yes
178,"Cachimbo da Paz 2","Gabriel O Pensador,Lulu Santos,Xamã,Keviin",98,10A,73,2026-07-21,04:42,42,"hip hop brasileiro, rock brasileiro, mpb, pop nacional, trap brasileiro, trap funk, trap, nova mpb","Antídoto Pra Todo Tipo de Veneno",2023-08-18,79,19,0,53,10,30,-7,B Minor,4,2ZeG4NqS9tRoUa6LGjAP2I,BRHPH2300001,yes
179,"Melhor Só","KayBlack,Baco Exu do Blues,Marquinho no Beat",142,4A,39,2026-07-21,03:49,70,"trap brasileiro, trap funk, trap, hip hop brasileiro, funk","Melhor Só",2023-03-30,61,27,0,55,10,10,-10,F Minor,4,2LTlykcdu0gwb7zcKneo2a,BRWMB2300643,no
180,"Mano Underground","Jotapê,Greezy,Original Quality",145,1B,69,2026-07-21,02:53,46,"hip hop brasileiro, boom bap, trap brasileiro, trap, trap funk","Mano Underground",2023-06-20,86,22,0,58,20,0,-6,B Major,4,4HeEtMbj1TSvib7SdVNaOu,BXJK02300069,yes
181,"Fantástico Mundo da Oakley - Bonus Track","Kyan,Mu540",130,3B,71,2026-07-21,03:20,52,"trap brasileiro, trap funk, trap, hip hop brasileiro","UM Quebrada Inteligente",2023-07-13,91,45,0,72,10,0,-4,C♯/D♭ Major,4,52cev0H35ReX3aS2URGbK6,BKRQM2300013,yes
182,"Espero Que Entendam - Freestyle","Ebony,LARINHX",160,8B,54,2026-07-21,03:31,64,"","Espero Que Entendam (Freestyle)",2023-11-29,82,11,0,70,20,10,-7,C Major,4,6CEo5VbkRxIZdZMQfq0uz9,BKHA72300001,yes
183,"Oompa Loompa","Slipmami",130,1B,58,2026-07-21,03:14,62,"","Malvatrem",2023-01-25,81,6,0,72,0,0,-8,B Major,4,7jkJFBfBHW78JccPtxMdOU,BX3AW2200035,yes
184,"SSA","Sant,Luedji Luna,VANDAL,LP Beatzz,ajcookin",103,11A,65,2026-07-21,03:41,40,"hip hop brasileiro, boom bap, nova mpb, afro house, ","de: para:",2023-08-11,77,13,0,31,30,0,-6,F#/G♭ Minor,4,6Nxen9xbsxg21xacXHlwfX,BRRGE2300266,no
185,"Mas Existe um Lugar - Remix","Cryzin,Manoel Gomes,Kaio Viana,Noemi Leal",79,10B,44,2026-07-21,03:03,38,"trap brasileiro, piseiro, brega, seresta, arrocha, forró, funk","Mas Existe um Lugar (Remix)",2023-07-07,53,22,0,33,30,20,-10,D Major,5,1EDiCVKLfpErWLYhrQNzZn,BCKKP2300053,yes
186,"Love Absurdo","Mari Fernandez,MC Ryan SP,Mc Daniel",130,9A,87,2026-07-21,03:04,50,"piseiro, sertanejo, forró, arrocha, agronejo, sertanejo universitário, funk, funk consciente, trap funk","Love Absurdo",2023-02-09,73,18,0,81,0,30,-3,E Minor,4,7aZnuwpivaj4N7XFhhqBiO,BCZT72300001,no
187,"DENTRO DA HILUX","Luan Pereira,Mc Daniel,MC Ryan SP",130,11A,53,2026-07-21,02:43,63,"agronejo, sertanejo, sertanejo universitário, piseiro, funk, trap funk, funk consciente","DENTRO DA HILUX",2023-08-24,73,9,0,33,0,0,-6,F#/G♭ Minor,4,3jTyFoGeD3DTu9cnnctMWN,BCX5C2300025,no
188,"Let's Go 4","Dj GBR,Mc IG,MC Ryan SP,MC PH,Mc Davi,Mc Luki,Mc Don Juan,Mc Kadu,TrapLaudo,MC GP,MC GH do 7",113,3A,63,2026-07-21,10:41,71,"funk, trap funk, funk consciente, trap brasileiro","Let's Go 4",2023-08-29,78,12,0,87,50,0,-8,A#/B♭ Minor,5,2InS5VWKJQbsFBKOsf1cJB,BXG6R2300792,yes
189,"Saudade","Ferrugem,Luísa Sonza",140,9A,72,2026-07-21,02:47,44,"pagode, samba, pop nacional, funk pop, funk","Interessante",2023-08-11,69,67,0,63,10,30,-6,E Minor,4,64vxHp71d0OImJMNrzvtrk,BRWMB2300824,no
190,"Lapada Dela - Ao Vivo","Grupo Menos É Mais,Matheus Fernandes",167,9A,75,2026-07-21,02:39,76,"pagode, samba, piseiro, sertanejo, forró, arrocha","Confia (Ao Vivo)",2023-01-20,69,71,0,68,10,90,-7,E Minor,4,4f0aDk7HX37SfzerfznYlr,BCM8E2300013,no
191,"Não Sou De Falar De Amor","Juliette,João Gomes",166,8B,84,2026-07-21,02:26,48,"pop nacional, nova mpb, forró tradicional, forró, piseiro, arrocha, sertanejo, brega","Ciclone",2023-08-25,69,26,0,63,0,10,-5,C Major,4,6cZDl8ZJKjAg1MV8Vo0E5m,BC3RD2300009,no
192,"Desejo Imortal (It Must Have Been Love) - Ao Vivo","Gusttavo Lima",140,1B,81,2026-07-21,03:04,66,"sertanejo, sertanejo universitário, arrocha, agronejo, piseiro, forró","Desejo Imortal (It Must Have Been Love) [Ao Vivo]",2023-04-13,71,26,0,85,0,50,-4,B Major,4,1L7hWEc3tVjvmbw48ShktM,BXBAL2300029,no
193,"Canudinho - Ao Vivo","Gusttavo Lima,Ana Castela",167,12B,87,2026-07-21,02:04,61,"sertanejo, sertanejo universitário, arrocha, agronejo, piseiro, forró","Canudinho (Ao Vivo)",2023-08-30,71,24,0,91,0,30,-3,E Major,4,6AENBD8I0mDGglFqrRZGu7,BXBAL2300131,no
194,"Nosso Quadro","AgroPlay,Ana Castela",160,11B,71,2026-07-21,02:53,65,"agronejo, sertanejo, sertanejo universitário, piseiro","AgroPlay Verão Vol.1",2023-02-02,69,33,0,61,20,30,-5,A Major,4,1bzRhnrWU1l1u4Bby9ZbfQ,BCA6L2300010,no
195,"Seu Brilho Sumiu - Ao Vivo","Israel & Rodolffo,Mari Fernandez",154,2B,92,2026-07-21,02:48,64,"sertanejo, sertanejo universitário, agronejo, piseiro, arrocha, forró","Let's Bora, Vol. 2 (Ao Vivo)",2023-03-02,63,31,0,75,0,90,-4,F#/G♭ Major,4,3PH1nUysW7ybo3Yu8sqlPN,BRRGE2300211,no
196,"Erro Gostoso - Ao Vivo","Simone Mendes",154,2B,89,2026-07-21,02:58,65,"sertanejo, sertanejo universitário, pagode, piseiro, forró","Cintilante (Ao Vivo)",2023-01-27,59,18,0,63,0,80,-3,F#/G♭ Major,4,51pxwIxDVCbFHW8oyJFQXD,BRUM72202346,no
197,"Daqui pra Sempre","Manu,Simone Mendes",160,6A,95,2026-07-21,03:22,64,"tecnobrega, brega, sertanejo, forró, piseiro, arrocha, seresta, sertanejo universitário, pagode","Daqui pra Sempre",2023-09-22,57,21,0,54,0,90,-3,G Minor,4,35D06z7kmwMmYYbyJ0BkSm,QZTPX2351515,no
198,"Oi Balde - Ao Vivo","Zé Neto & Cristiano",108,10B,67,2026-07-21,02:39,72,"sertanejo, sertanejo universitário, agronejo, arrocha","Escolhas (Ao Vivo)",2023-10-05,67,60,0,55,0,80,-6,D Major,4,2XmPCfvLakXAbSj2qgxskV,BRRGE2300213,no
199,"Traumatizei (Ao Vivo Em Brasília)","Henrique & Juliano",166,1B,91,2026-07-21,02:52,75,"sertanejo, sertanejo universitário, arrocha, agronejo","To Be (Ao Vivo Em Brasília)",2023-07-28,48,13,0,58,0,40,-3,B Major,4,5JO5wfblhyRi2S5G4mNv56,BCVDD2200002,no
200,"Será - Ao Vivo","Maiara & Maraisa",148,7B,87,2026-07-21,02:48,29,"sertanejo, sertanejo universitário, piseiro","Identidade (Ao Vivo)",2023-03-23,55,54,0,63,0,90,-3,F Major,4,4CDqMCAb0WuPhDjzRo1oqY,BRWNV2200159,no